DROP DATABASE IF EXISTS gim;
CREATE DATABASE IF NOT EXISTS gim; #Crea la libreria si es que no exite
USE gim; #uso de la libreria

CREATE TABLE IF NOT EXISTS rooms(
  `room` INT UNSIGNED NOT NULL AUTO_INCREMENT PRIMARY KEY,
  `description` TEXT
)CHARSET=utf8mb4;

INSERT INTO rooms (room,description) VALUES (1,"leo, in lobortis tellus justo sit amet nulla. Donec non justo. Proin non massa non"),
(2,"tempus non, lacinia at, iaculis quis, pede. Praesent eu dui. Cum sociis natoque penatibus et"),
(3,"magna. Praesent interdum ligula eu enim. Etiam imperdiet dictum magna. Ut tincidunt orci quis lectus."),
(4,"tempor diam dictum sapien. Aenean massa. Integer vitae nibh. Donec est mauris, rhoncus id, mollis"),
(5,"non leo. Vivamus nibh dolor, nonummy ac, feugiat non, lobortis quis, pede. Suspendisse dui. Fusce"),
(6,"lorem, auctor quis, tristique ac, eleifend vitae, erat. Vivamus nisi. Mauris nulla. Integer urna. Vivamus"),
(7,"Cum sociis natoque penatibus et magnis dis parturient montes, nascetur ridiculus mus. Proin vel nisl."),
(8,"ultrices iaculis odio. Nam interdum enim non nisi. Aenean eget metus. In nec orci. Donec"),
(9,"lectus ante dictum mi, ac mattis velit justo nec ante. Maecenas mi felis, adipiscing fringilla,"),
(10,"lectus. Nullam suscipit, est ac facilisis facilisis, magna tellus faucibus leo, in lobortis tellus justo");

CREATE TABLE IF NOT EXISTS types_payments(
  `type_payment` INT UNSIGNED NOT NULL AUTO_INCREMENT PRIMARY KEY,
  `cost`DOUBLE NOT NULL,
  `description` TEXT
);

INSERT INTO types_payments VALUES (1,760,"ut dolor dapibus gravida. Aliquam"),
(2,725,"Donec feugiat metus sit"),
(3,707,"a, arcu. Sed et libero. Proin mi. Aliquam gravida"),
(4,665,"Aliquam vulputate ullamcorper magna. Sed eu"),
(5,582,"mauris. Suspendisse aliquet molestie tellus. Aenean egestas"),
(6,387,"nisl. Quisque fringilla euismod enim. Etiam gravida molestie"),
(7,714,"a purus. Duis elementum, dui"),
(8,212,"In at pede. Cras vulputate"),
(9,622,"Nulla facilisi. Sed"),
(10,431,"nulla at sem molestie sodales. Mauris");

CREATE TABLE IF NOT EXISTS coachs (
`coach` INT UNSIGNED NOT NULL AUTO_INCREMENT PRIMARY KEY,
`name`  VARCHAR(60) NOT NULL,
`email` VARCHAR(60) NOT NULL,
`phone` VARCHAR(20) NOT NULL,
`gender` ENUM('M','F','NP') NOT NULL,
`address` VARCHAR(80) NOT NULL,
`PHOTO` VARCHAR(100),
`created_at` TIMESTAMP NOT NULL DEFAULT CURRENT_TIMESTAMP,
`update_at` TIMESTAMP NOT NULL DEFAULT CURRENT_TIMESTAMP ON UPDATE CURRENT_TIMESTAMP,
`active` TINYINT(1) NOT NULL DEFAULT '1',
UNIQUE KEY `email` (`email`)
)CHARSET=utf8mb4;

INSERT INTO coachs  VALUES (1,"Cervantes","scelerisque.neque.sed@commodohendrerit.net","55-48-71-16-25","M","Apartado núm.: 125, 8179 Dictum Avenida","%B201406806085177^FletcherWells^73022457966?7","2020-09-20 14:23:13","2019-11-08 15:40:07",0),
(2,"Hancock","et.rutrum@rutrumeuultrices.org","55-69-12-52-85","F","557-1234 Nunc Avda.","%B213116372716115^ChaimDennis^71127222957?7","2018-12-14 20:26:27","2019-04-28 02:06:25",0),
(3,"Mueller","aliquet@risusDuis.co.uk","55-40-15-70-12","F","698-8178 Tempus, C/","%B36783120349120^GermaineEverett^19027297345?8","2019-08-23 15:15:41","2018-11-30 07:57:24",0),
(4,"Hahn","dictum.augue.malesuada@malesuadamalesuadaInteger.ca","55-63-77-42-01","NP","Apartado núm.: 528, 6686 Erat, ","%B6520248580135757^CheyenneGay^27107218352?5","2018-12-05 08:58:18","2018-10-13 04:25:29",1),
(5,"Ryan","non.nisi@nascetur.edu","55-82-38-42-50","NP","688-8687 Magna ","%B4508140075556178^PlatoWalton^2601239969? ","2019-09-29 03:33:15","2018-12-15 23:51:36",0),
(6,"Lee","aliquam.eros.turpis@est.net","55-53-31-70-85","M","979 Lobortis Avenida","%B180032583905158^JaimeHays^22092439?4","2019-08-14 16:08:39","2019-01-03 15:03:47",0),
(7,"Velasquez","Integer.urna.Vivamus@loremeu.edu","55-14-13-47-53","M","Apartado núm.: 265, 1139 Sit Calle","%B589389997679^DeanBennett^03096864676?1","2019-08-12 02:27:04","2020-03-30 04:21:43",0),
(8,"Ellison","a@Nullam.ca","55-31-21-28-73","NP","Apartado núm.: 204, 3067 Orci Av.","%B374932742926845^PamelaMcdaniel^3312760966? ","2018-12-01 02:11:14","2019-10-08 19:22:38",1),
(9,"Watson","Sed.dictum.Proin@volutpat.co.uk","55-26-35-40-01","NP","947-1331 Curabitur C/","%B214910530283326^GiacomoWhitfield^9706235731? ","2019-08-19 19:06:20","2019-12-21 23:42:12",1),
(10,"Suarez","lobortis.tellus@Vestibulumaccumsan.org","55-68-28-44-59","NP","Apartado núm.: 987, 972 Augue Av.","%B4936501955282700^FlynnCarey^75054726999? ","2018-11-11 00:55:53","2020-02-12 23:11:08",1),
(11,"Walsh","et.netus@Curabiturconsequatlectus.net","55-51-58-66-76","NP","710-9475 Interdum Carretera","%B309513112748868^BiancaMichael^02042109108? ","2019-08-31 05:15:44","2020-04-18 12:00:12",1),
(12,"Chavez","pede@iaculisodioNam.org","55-18-60-75-95","M","Apdo.:912-4301 Lobortis Av.","%B4913625139234415^PenelopePerez^2501887866?6","2019-11-07 16:58:30","2020-04-11 21:32:28",0),
(13,"Young","eu@feugiatnonlobortis.edu","55-10-68-74-56","F","770-4003 Adipiscing Calle","%B6333837818654956^GermaineSanchez^26059062355?4","2019-09-05 23:41:54","2020-05-12 04:16:23",0),
(14,"Terry","mollis.Integer@sagittis.co.uk","55-48-63-44-29","F","327-9475 At Avda.","%B4175004138782050^RanaBates^1001400553?5","2019-03-03 15:06:24","2019-11-09 19:21:54",1),
(15,"Burch","malesuada.augue.ut@Nunc.org","55-29-56-75-49","F","Apartado núm.: 432, 1241 Phasellus Av.","%B6334992701271464^KirestinNavarro^81123968119? ","2020-05-11 19:58:56","2019-12-22 13:24:32",1);

CREATE TABLE IF NOT EXISTS customers (
  `customer` INT UNSIGNED NOT NULL AUTO_INCREMENT PRIMARY KEY,
  `name`  VARCHAR(60) NOT NULL,
  `email` VARCHAR(60) NOT NULL,
  `birthdate` date DEFAULT NULL,
  `phone` VARCHAR(20) DEFAULT NULL,
  `gender` ENUM('M','F','NP') DEFAULT NULL,
  `address` VARCHAR(80) DEFAULT NULL,
  `PHOTO` VARCHAR(100),
  `active` TINYINT(1) NOT NULL DEFAULT '1',
  `created_at` TIMESTAMP NOT NULL DEFAULT CURRENT_TIMESTAMP,
  `update_at` TIMESTAMP NOT NULL DEFAULT CURRENT_TIMESTAMP ON UPDATE CURRENT_TIMESTAMP,
  UNIQUE KEY `email` (`email`)
)CHARSET=utf8mb4;

INSERT INTO `customers` (customer, name, email, birthdate, gender, active, created_at)VALUES (1,'Maria Dolores Gomez','Maria Dolores.95983222J@random.names','1971-06-06','F',1,'2018-04-09 16:51:30'),
(2,'Adrian Fernandez','Adrian.55818851J@random.names','1970-04-09','M',1,'2018-04-09 16:51:30'),
(3,'Maria Luisa Marin','Maria Luisa.83726282A@random.names','1957-07-30','F',1,'2018-04-09 16:51:30'),
(4,'Pedro Sanchez','Pedro.78522059J@random.names','1992-01-31','M',1,'2018-04-09 16:51:30'),
(5,'Pablo Saavedra','Pablo.93733268B@random.names','1960-07-21','M',1,'2018-04-09 16:51:30'),
(6,'Marta Carrillo','Marta.55741882W@random.names','1981-06-15','F',1,'2018-04-09 16:51:30'),
(7,'Javier Barrio','Javier.54966248C@random.names','1971-04-24','M',1,'2018-04-09 16:51:30'),
(8,'Milagros Garcia','Milagros.90074144A@random.names','1964-12-05','F',1,'2018-04-09 16:51:30'),
(9,'Carlos Quiros','Carlos.63291957M@random.names','1954-08-28','M',1,'2018-04-09 16:51:30'),
(10,'Carmen De la Torre','Carmen.57408761W@random.names','1966-05-14','F',1,'2018-04-09 16:51:30'),
(11,'Laura Moron','Laura.57774589S@random.names','1954-03-02','F',1,'2018-04-09 16:51:30'),
(12,'Maria Dolores Larrea','Maria Dolores.71788005Z@random.names','1990-09-04','F',1,'2018-04-09 16:51:30'),
(13,'Maria Dolores Sanz','Maria Dolores.30948169J@random.names','2001-08-30','F',1,'2018-04-09 16:51:30'),
(14,'Jose Maria Bermudez','Jose Maria.24963969E@random.names','1998-05-23','M',1,'2018-04-09 16:51:30'),
(15,'Carlos Blanco','Carlos.94783133H@random.names','1952-08-07','M',1,'2018-04-09 16:51:30'),
(16,'Juan Carlos Jurado','Juan Carlos.71650477A@random.names','1990-12-12','M',1,'2018-04-09 16:51:30'),
(17,'David Gonzalez','David.54332034P@random.names','1976-05-03','M',1,'2018-04-09 16:51:30'),
(18,'Antonia Aranda','Antonia.91560262E@random.names','1979-10-25','F',1,'2018-04-09 16:51:30'),
(19,'Maria Moreno','Maria.58935447V@random.names','1997-01-12','F',1,'2018-04-09 16:51:30'),
(20,'David Casals','David.06746883V@random.names','1999-07-13','M',1,'2018-04-09 16:51:30'),
(21,'Mario Romero','Mario.46091382A@random.names','1985-03-29','M',1,'2018-04-09 16:51:30'),
(22,'Maria angeles Alba','Maria angeles.91808919A@random.names','1959-09-14','F',1,'2018-04-09 16:51:30'),
(23,'Rafael Espinola','Rafael.67605541P@random.names','1998-10-11','M',1,'2018-04-09 16:51:30'),
(24,'Montserrat alvarez','Montserrat.31114289G@random.names','1994-11-06','F',1,'2018-04-09 16:51:30'),
(25,'Maria Carmen Gomez','Maria Carmen.64351051H@random.names','1968-06-30','F',1,'2018-04-09 16:51:30'),
(26,'Maria Cruz Morillas','Maria Cruz.81385695B@random.names','1978-10-29','F',1,'2018-04-09 16:51:30'),
(27,'Josefa Roldan','Josefa.51417560W@random.names','1993-08-09','F',1,'2018-04-09 16:51:30'),
(28,'Monica Pla','Monica.18992324M@random.names','1972-06-08','F',1,'2018-04-09 16:51:30'),
(29,'Juana Maria Lopez','Juana Maria.51072683X@random.names','1990-07-15','F',1,'2018-04-09 16:51:30'),
(30,'Maria Carmen Ponce','Maria Carmen.41619980P@random.names','1984-07-26','F',1,'2018-04-09 16:51:30'),
(31,'Juan Carlos Rios','Juan Carlos.45673504N@random.names','1967-05-04','M',1,'2018-04-09 16:51:30'),
(32,'Isabel Alfaro','Isabel.77316882J@random.names','1980-07-25','F',1,'2018-04-09 16:51:30'),
(33,'Maria Isabel Armas','Maria Isabel.42010289F@random.names','1950-11-21','F',1,'2018-04-09 16:51:30'),
(34,'Maria Teresa Castillo','Maria Teresa.91228389Q@random.names','2002-11-08','F',1,'2018-04-09 16:51:30'),
(35,'Andres Planells','Andres.09981449R@random.names','1992-06-19','M',1,'2018-04-09 16:51:30'),
(36,'Silvia Perez','Silvia.91812407H@random.names','1969-02-15','F',1,'2018-04-09 16:51:30'),
(37,'Pablo Gonzalez','Pablo.11605676Z@random.names','2000-10-11','M',1,'2018-04-09 16:51:30'),
(38,'Maria Antonia Jimenez','Maria Antonia.98071058R@random.names','1998-06-23','F',1,'2018-04-09 16:51:31'),
(39,'Jesus Rodriguez','Jesus.86679475L@random.names','1961-01-17','M',1,'2018-04-09 16:51:31'),
(40,'Carmen Rodriguez','Carmen.81799536J@random.names','1973-02-17','F',1,'2018-04-09 16:51:31'),
(41,'Maria Dolores Rodriguez','Maria Dolores.75444599E@random.names','1962-08-14','F',1,'2018-04-09 16:51:31'),
(42,'Jordi Campos','Jordi.76000917Q@random.names','1956-09-23','M',1,'2018-04-09 16:51:31'),
(43,'Carlos Caceres','Carlos.97628163V@random.names','1993-05-16','M',1,'2018-04-09 16:51:31'),
(44,'Carmen Robles','Carmen.29258188A@random.names','1955-06-19','F',1,'2018-04-09 16:51:31'),
(45,'Sara Rodriguez','Sara.16181250Z@random.names','2001-06-07','F',1,'2018-04-09 16:51:31'),
(46,'Maria Carmen Rivera','Maria Carmen.59955426S@random.names','2000-05-27','F',1,'2018-04-09 16:51:31'),
(47,'Alberto Cabanas','Alberto.40633755T@random.names','1991-10-27','M',1,'2018-04-09 16:51:31'),
(48,'Jose Sanchez','Jose.52243847Z@random.names','1976-12-06','M',1,'2018-04-09 16:51:31'),
(49,'Isabel Martinez','Isabel.90843261T@random.names','1962-07-01','F',1,'2018-04-09 16:51:31'),
(50,'David Sanchez','David.14910073R@random.names','1975-05-18','M',1,'2018-04-09 16:51:31'),
(51,'Sergio Sebastian','Sergio.09345984A@random.names','1959-08-30','M',1,'2018-04-09 16:51:31'),
(52,'Manuel Cabrera','Manuel.38738750B@random.names','1993-08-23','M',1,'2018-04-09 16:51:31'),
(53,'Marina Gabaldon','Marina.12101665P@random.names','1959-03-25','F',1,'2018-04-09 16:51:31'),
(54,'Rafael Galvez','Rafael.87947175M@random.names','1988-09-02','M',1,'2018-04-09 16:51:31'),
(55,'Francisco Villar','Francisco.13922268T@random.names','1952-04-25','M',1,'2018-04-09 16:51:31'),
(56,'Francisco Garcia','Francisco.34242509V@random.names','1989-01-22','M',1,'2018-04-09 16:51:31'),
(57,'Esther Pina','Esther.36300729J@random.names','1977-11-07','F',1,'2018-04-09 16:51:31'),
(58,'Maria Jesus Noya','Maria Jesus.95839533M@random.names','1996-08-07','F',1,'2018-04-09 16:51:31'),
(59,'Paula Ropero','Paula.53630073F@random.names','1998-09-04','F',1,'2018-04-09 16:51:31'),
(60,'Maria Carmen Iglesias','Maria Carmen.24044144J@random.names','1977-06-12','F',1,'2018-04-09 16:51:31'),
(61,'Albert Galvez','Albert.10067957Y@random.names','1971-05-17','M',1,'2018-04-09 16:51:31'),
(62,'Carmen Lopez','Carmen.09399409E@random.names','1987-03-07','F',1,'2018-04-09 16:51:31'),
(63,'Francisco Jose Leon','Francisco Jose.07598657D@random.names','1965-12-11','M',1,'2018-04-09 16:51:31'),
(64,'Francisca Gonzalez','Francisca.19675393C@random.names','1957-12-23','F',1,'2018-04-09 16:51:31'),
(65,'Daniel Garcia','Daniel.01386486T@random.names','1979-05-29','M',1,'2018-04-09 16:51:31'),
(66,'Ana Maria Martinez','Ana Maria.91340418N@random.names','1980-09-14','F',1,'2018-04-09 16:51:31'),
(67,'Maria Aguilar','Maria.41749884P@random.names','2000-07-31','F',1,'2018-04-09 16:51:31'),
(68,'oscar Penas','oscar.31681177B@random.names','1981-10-02','M',1,'2018-04-09 16:51:31'),
(69,'Adrian Vela','Adrian.66561884E@random.names','1978-12-10','M',1,'2018-04-09 16:51:31'),
(70,'Francisco Alcalde','Francisco.52899588W@random.names','1967-03-11','M',1,'2018-04-09 16:51:31'),
(71,'Maria Dolores Perez','Maria Dolores.47800073R@random.names','2003-11-10','F',1,'2018-04-09 16:51:31'),
(72,'Juan Jose Tejada','Juan Jose.30429668R@random.names','1990-06-15','M',1,'2018-04-09 16:51:31'),
(73,'Cristobal Nogues','Cristobal.01001763K@random.names','2003-10-01','M',1,'2018-04-09 16:51:31'),
(74,'Maria Luisa Sanchez','Maria Luisa.91748033K@random.names','2000-02-03','F',1,'2018-04-09 16:51:31'),
(75,'Adrian Orta','Adrian.11458937S@random.names','1952-03-20','M',1,'2018-04-09 16:51:31'),
(76,'Maria Pilar Martin','Maria Pilar.93607154Y@random.names','1996-08-29','F',1,'2018-04-09 16:51:31'),
(77,'Jesus Perez','Jesus.91931655B@random.names','1954-06-01','M',1,'2018-04-09 16:51:31'),
(78,'Jesus Perez','Jesus.15757299E@random.names','1956-08-29','M',1,'2018-04-09 16:51:31'),
(79,'Esther Capdevila','Esther.96440550D@random.names','1970-10-12','F',1,'2018-04-09 16:51:31'),
(80,'David Nieves','David.40697907M@random.names','1965-04-02','M',1,'2018-04-09 16:51:31'),
(81,'Antonia Giron','Antonia.32080105G@random.names','1983-01-22','F',1,'2018-04-09 16:51:31'),
(82,'Juan Casero','Juan.94063877H@random.names','1974-06-29','M',1,'2018-04-09 16:51:31'),
(83,'Manuel De Pablo','Manuel.01279669H@random.names','1973-03-23','M',1,'2018-04-09 16:51:31'),
(84,'angel Palomo','angel.28890315S@random.names','1991-07-04','M',1,'2018-04-09 16:51:31'),
(85,'Laura Herrera','Laura.98555932N@random.names','1966-12-12','F',1,'2018-04-09 16:51:31'),
(86,'Maria Josefa Benitez','Maria Josefa.36743977M@random.names','1987-04-17','F',1,'2018-04-09 16:51:31'),
(87,'Luis Saez','Luis.08103734Y@random.names','1983-03-28','M',1,'2018-04-09 16:51:31'),
(88,'Susana Nevado','Susana.09442372K@random.names','1961-12-26','F',1,'2018-04-09 16:51:31'),
(89,'Miguel Gomez','Miguel.01631964E@random.names','1965-05-16','M',1,'2018-04-09 16:51:31'),
(90,'Julio Mayordomo','Julio.77582185B@random.names','1968-06-05','M',1,'2018-04-09 16:51:31'),
(91,'Sonia Mari','Sonia.06246888L@random.names','1994-10-13','F',1,'2018-04-09 16:51:31'),
(92,'Antonia Beltran','Antonia.96371304Q@random.names','1967-11-17','F',1,'2018-04-09 16:51:31'),
(93,'Mercedes Perez','Mercedes.80944345P@random.names','1958-11-05','F',1,'2018-04-09 16:51:31'),
(94,'Concepcion Velez','Concepcion.56896097P@random.names','1964-04-05','F',1,'2018-04-09 16:51:31'),
(95,'Diego Correa','Diego.44862413Q@random.names','1999-09-15','M',1,'2018-04-09 16:51:31'),
(96,'Juan Antonio Galan','Juan Antonio.95710220K@random.names','1982-11-20','M',1,'2018-04-09 16:51:31'),
(97,'Manuel Cerezo','Manuel.25853412D@random.names','1991-03-12','M',1,'2018-04-09 16:51:31'),
(98,'Rosa Maria Singh','Rosa Maria.41642169W@random.names','1956-12-31','F',1,'2018-04-09 16:51:31'),
(99,'angeles Mena','angeles.88859550Q@random.names','1987-09-22','F',1,'2018-04-09 16:51:31'),
(100,'Jose Hidalgo','Jose.05903641R@random.names','1973-08-13','M',1,'2018-04-09 16:51:31');

CREATE TABLE IF NOT EXISTS clients(
  `clientid` INT UNSIGNED NOT NULL AUTO_INCREMENT PRIMARY KEY,
  `customer` INT UNSIGNED NOT NULL,
  `type_payment` INT UNSIGNED NOT NULL,
  `created_at` TIMESTAMP NOT NULL DEFAULT CURRENT_TIMESTAMP,
  `start` TIMESTAMP NOT NULL DEFAULT CURRENT_TIMESTAMP ON UPDATE CURRENT_TIMESTAMP,
  `finish` TIMESTAMP NOT NULL,
  `active` INT(1) NOT NULL DEFAULT '1',
  FOREIGN KEY (customer) REFERENCES customers(customer),
  FOREIGN KEY (type_payment) REFERENCES types_payments(type_payment)
);

INSERT INTO clients  VALUES (1,93,9,"2019-05-25 09:01:52","2019-10-04 03:41:09","2020-06-08 22:29:03",1),(2,96,9,"2020-06-26 09:15:34","2019-07-31 10:58:20","2018-11-03 19:17:09",0),(3,12,2,"2019-02-09 13:34:03","2019-08-01 14:22:59","2019-12-27 02:27:09",1),(4,61,5,"2019-04-27 13:48:01","2019-04-29 05:19:27","2018-10-20 16:36:58",1),(5,22,6,"2019-04-22 03:01:52","2019-05-14 05:06:46","2020-04-08 16:56:03",1),(6,82,4,"2020-02-05 20:07:29","2020-06-22 09:37:58","2020-07-25 16:47:04",0),(7,36,4,"2018-11-28 04:13:23","2019-03-20 01:49:35","2019-01-02 13:11:31",0),(8,66,6,"2020-01-20 09:39:39","2019-03-29 19:11:49","2019-07-21 05:10:03",0),(9,60,6,"2020-02-20 20:19:03","2019-08-16 23:07:36","2020-05-18 13:47:48",1),(10,15,6,"2019-09-05 19:46:59","2019-10-30 12:48:08","2019-05-25 13:57:29",1),(11,31,10,"2018-10-14 15:05:08","2020-04-20 05:59:10","2020-03-17 02:10:59",1),(12,15,5,"2020-04-02 18:34:17","2020-07-10 11:43:51","2019-11-16 14:42:59",0),(13,77,8,"2020-01-31 10:10:09","2018-11-05 10:36:44","2019-10-13 16:32:40",1),(14,51,4,"2018-12-18 12:18:39","2020-02-05 17:06:11","2020-02-25 11:40:15",0),(15,45,10,"2019-04-23 06:04:20","2019-12-21 18:40:26","2018-10-06 22:40:05",0),(16,20,3,"2019-01-17 11:11:48","2019-03-06 10:31:12","2020-06-30 13:23:47",1),(17,11,3,"2019-08-12 16:00:53","2019-02-20 04:22:03","2020-08-05 12:20:44",1),(18,64,8,"2019-12-15 00:30:45","2020-05-13 00:26:38","2019-01-26 14:27:47",1),(19,4,10,"2020-09-02 13:48:27","2020-01-22 16:46:55","2019-11-26 10:41:04",0),(20,75,8,"2020-03-19 21:45:42","2019-07-15 13:54:39","2018-12-14 19:52:01",0),(21,45,5,"2019-07-28 18:18:25","2020-06-13 16:26:01","2020-03-07 06:48:12",1),(22,57,6,"2019-06-21 11:35:48","2020-02-02 16:22:32","2020-02-27 10:40:04",0),(23,89,6,"2019-12-10 19:07:30","2019-01-26 22:04:16","2020-04-30 09:11:31",0),(24,99,3,"2019-07-13 08:43:56","2020-01-26 17:55:18","2019-11-26 10:21:57",0),(25,45,6,"2020-09-18 13:30:56","2019-05-02 08:12:00","2020-08-16 05:39:46",0),(26,26,5,"2018-11-26 03:41:07","2019-05-14 20:53:23","2018-10-09 03:50:55",1),(27,64,7,"2019-03-21 04:41:34","2019-10-28 07:40:00","2019-10-10 21:07:10",0),(28,62,7,"2020-01-17 07:09:01","2020-01-08 19:49:29","2020-08-01 21:03:12",0),(29,12,10,"2020-02-21 11:46:00","2019-09-28 02:34:58","2020-08-10 22:36:30",0),(30,98,1,"2019-06-17 22:48:14","2019-09-04 10:52:04","2020-02-18 15:29:29",1),(31,15,3,"2020-08-24 19:56:14","2020-06-23 10:59:33","2019-01-29 04:37:21",0),(32,3,7,"2018-11-21 04:25:44","2019-04-09 12:57:23","2019-07-18 17:10:57",0),(33,51,1,"2019-03-19 23:35:00","2019-09-15 14:21:08","2019-09-06 04:44:05",0),(34,52,2,"2019-11-20 08:16:14","2019-08-11 10:52:11","2020-04-15 23:57:14",1),(35,84,5,"2020-06-14 10:35:28","2020-05-23 05:45:29","2019-05-31 21:14:44",0),(36,92,3,"2019-06-09 21:44:55","2019-04-07 08:29:13","2019-11-14 04:13:18",1),(37,33,2,"2019-11-18 12:36:39","2019-06-28 19:06:44","2019-05-15 16:05:59",1),(38,25,3,"2020-08-30 18:57:36","2020-05-17 20:03:09","2019-12-21 21:01:53",1),(39,35,7,"2018-11-12 06:39:18","2019-01-13 09:21:31","2020-09-20 22:12:37",0),(40,60,4,"2020-07-26 21:57:59","2020-07-31 06:36:12","2019-09-26 08:17:20",1),(41,31,5,"2020-06-21 15:10:42","2019-12-16 17:08:21","2020-02-21 08:19:30",1),(42,45,7,"2019-07-08 18:00:22","2019-09-05 22:56:32","2020-10-04 21:42:19",1),(43,6,8,"2019-12-23 00:29:01","2019-09-14 04:52:18","2020-01-04 15:03:19",1),(44,68,9,"2019-09-19 21:04:35","2019-06-06 13:50:31","2019-10-27 15:00:16",0),(45,95,2,"2018-12-18 21:14:32","2019-01-28 01:10:11","2019-02-12 14:29:10",0),(46,36,9,"2020-02-21 07:37:55","2020-01-18 21:26:51","2018-10-27 04:36:33",0),(47,19,9,"2019-05-23 16:37:37","2019-10-24 14:06:04","2019-11-15 18:41:13",1),(48,41,1,"2019-12-13 17:09:50","2019-03-13 21:16:43","2019-09-17 11:16:20",1),(49,70,7,"2019-07-21 02:52:19","2019-10-01 02:18:37","2020-04-30 11:08:17",0),(50,4,3,"2020-03-17 16:53:20","2020-01-12 21:25:43","2020-07-17 19:14:30",1),(51,21,1,"2020-02-07 17:29:11","2019-11-07 07:31:41","2019-02-22 09:17:37",0),(52,52,8,"2019-04-05 18:27:04","2020-02-14 21:56:19","2019-01-08 07:40:50",1),(53,45,8,"2020-08-25 06:43:03","2018-12-07 10:35:27","2019-10-27 01:38:21",0),(54,9,8,"2019-10-19 12:06:40","2018-12-30 01:52:41","2019-09-09 19:42:35",0),(55,29,2,"2020-02-22 08:57:00","2019-08-26 16:06:34","2020-08-21 11:10:33",1),(56,6,9,"2019-07-11 09:11:52","2020-02-16 08:51:27","2019-04-02 04:20:02",1),(57,28,4,"2019-03-02 16:35:52","2018-12-21 07:08:36","2019-03-27 06:28:32",1),(58,100,3,"2020-03-02 21:15:17","2018-10-24 21:55:25","2019-06-12 08:12:56",1),(59,78,7,"2019-12-31 21:52:43","2020-04-30 05:07:08","2019-12-23 15:29:25",0),(60,42,3,"2019-09-30 21:10:09","2020-01-11 07:43:05","2019-12-13 21:56:24",1),(61,84,10,"2020-01-20 13:56:46","2019-10-20 20:47:14","2019-10-08 08:08:09",0),(62,79,3,"2020-06-24 17:12:32","2019-06-20 19:08:13","2020-01-02 15:08:17",1),(63,43,6,"2018-12-29 20:42:36","2019-08-23 13:45:22","2018-11-22 00:56:05",0),(64,88,5,"2019-05-24 09:05:59","2019-08-02 03:11:22","2019-06-01 08:27:31",1),(65,60,4,"2019-05-26 04:58:50","2019-07-20 07:01:38","2020-07-19 23:08:14",1),(66,12,2,"2019-12-20 23:33:05","2020-08-30 07:00:37","2020-04-10 17:47:07",1),(67,39,8,"2019-05-01 14:07:51","2019-10-25 05:25:34","2020-04-11 05:00:30",1),(68,74,10,"2020-07-02 20:41:53","2019-05-23 22:48:15","2020-10-01 07:20:31",0),(69,15,7,"2020-08-31 23:33:53","2019-05-17 13:01:32","2019-04-16 08:45:20",1),(70,54,5,"2018-10-08 14:11:42","2020-09-03 06:51:58","2019-05-02 11:00:40",0),(71,30,3,"2019-04-10 12:38:40","2020-09-01 03:43:52","2020-08-06 18:18:29",1),(72,25,7,"2019-02-01 04:06:52","2020-04-17 13:41:10","2019-09-25 02:51:03",1),(73,5,4,"2019-02-16 12:02:33","2020-03-26 16:06:45","2020-03-25 06:50:43",1),(74,61,10,"2019-07-05 11:49:14","2020-09-28 21:13:00","2020-09-11 08:35:33",1),(75,19,9,"2019-06-28 13:44:45","2019-12-22 13:21:35","2019-08-12 09:00:10",1),(76,61,10,"2019-09-05 05:43:49","2019-05-12 22:48:44","2020-07-28 03:15:01",0),(77,8,8,"2020-07-06 16:56:56","2019-07-03 16:25:39","2019-03-21 17:43:03",0),(78,96,1,"2019-06-17 21:19:53","2019-11-27 00:39:32","2020-09-11 20:32:02",0),(79,10,7,"2018-12-28 11:11:48","2020-04-25 16:47:15","2019-04-24 23:28:11",0),(80,11,7,"2019-09-18 20:22:35","2020-02-01 23:58:50","2019-01-01 23:55:33",0),(81,82,1,"2019-01-30 04:00:24","2020-02-11 08:48:12","2020-08-10 06:15:59",1),(82,60,6,"2019-03-25 20:23:07","2019-08-06 03:28:38","2020-09-29 03:23:36",1),(83,7,6,"2020-04-30 22:56:23","2019-08-21 16:05:36","2018-11-24 15:31:31",1),(84,90,10,"2020-06-29 01:53:59","2019-01-26 10:49:47","2019-09-03 06:37:27",0),(85,72,6,"2019-11-13 22:08:51","2019-07-07 20:56:53","2020-05-24 05:25:01",0),(86,96,10,"2020-08-27 06:22:55","2018-11-08 14:25:11","2019-03-08 19:33:43",0),(87,90,5,"2018-11-20 14:18:21","2019-11-27 15:50:45","2020-05-10 20:57:38",0),(88,71,5,"2020-09-09 13:13:24","2019-11-17 11:25:12","2020-09-17 15:24:25",1),(89,90,2,"2019-02-02 13:26:03","2020-04-15 22:54:51","2020-02-28 06:28:48",0),(90,64,4,"2020-02-17 23:51:29","2019-04-24 18:15:36","2020-07-10 22:55:58",1),(91,94,2,"2020-09-22 11:16:50","2019-07-26 02:23:23","2020-02-20 02:12:49",1),(92,32,3,"2020-04-14 07:20:08","2019-01-22 14:08:38","2019-12-29 21:00:38",1),(93,17,6,"2019-02-09 03:31:03","2018-12-09 13:30:22","2020-02-25 19:14:50",0),(94,74,2,"2019-04-01 01:14:12","2019-02-17 16:55:56","2019-04-18 02:25:24",0),(95,100,4,"2020-01-25 16:35:17","2020-04-28 19:50:23","2019-05-01 14:31:30",1),(96,31,9,"2020-02-03 05:39:04","2019-01-10 03:09:00","2020-06-09 05:12:15",0),(97,21,7,"2019-07-21 18:38:44","2020-09-05 04:30:32","2019-09-15 06:02:14",1),(98,65,1,"2019-07-30 23:47:36","2020-06-13 16:05:32","2019-06-06 01:27:04",0),(99,91,3,"2020-01-06 22:26:40","2020-06-21 11:04:53","2020-01-19 16:27:42",0),(100,93,7,"2019-03-04 17:09:28","2020-06-05 09:57:31","2019-03-27 19:10:40",0);

CREATE TABLE IF NOT EXISTS classes (
  `class` INT UNSIGNED NOT NULL AUTO_INCREMENT PRIMARY KEY,
  `room` INT UNSIGNED NOT NULL,
  `coach` INT UNSIGNED NOT NULL,
  `date` DATE NOT NULL,
  `finish` TIME NOT NULL,
  `start` TIME NOT NULL,
  FOREIGN KEY (coach) REFERENCES coachs(coach),
  FOREIGN KEY (room) REFERENCES rooms(room)
)CHARSET=utf8mb4;

INSERT INTO classes VALUES (1,5,14,"06-03-20","02:54:38","12:21:01"),(2,10,11,"20-04-19","01:07:26","09:08:00"),(3,9,8,"11-10-18","15:08:30","17:13:59"),(4,1,13,"16-05-19","12:47:23","03:24:46"),(5,6,11,"13-04-20","10:52:02","17:06:11"),(6,10,12,"07-11-19","17:59:36","11:23:37"),(7,5,11,"17-05-20","20:22:03","02:07:43"),(8,7,9,"07-09-19","00:28:03","07:09:47"),(9,10,8,"08-03-19","01:26:56","03:45:28"),(10,10,3,"04-11-18","16:07:39","15:28:37"),(11,10,9,"03-09-20","06:53:10","03:25:07"),(12,3,4,"02-01-20","07:48:26","12:00:01"),(13,3,5,"12-01-20","09:35:22","01:26:20"),(14,7,2,"12-07-20","13:12:55","14:40:39"),(15,5,12,"15-12-19","19:35:28","04:58:50"),(16,7,12,"25-10-18","00:05:16","11:30:26"),(17,10,10,"23-10-18","12:09:04","23:56:25"),(18,4,7,"01-01-19","16:26:45","22:21:09"),(19,10,4,"07-07-20","00:21:11","16:56:57"),(20,3,1,"19-10-19","15:13:48","10:06:28"),(21,3,1,"20-11-19","17:46:38","15:54:20"),(22,6,7,"18-12-18","23:01:21","21:29:54"),(23,8,8,"14-01-20","07:10:35","05:27:28"),(24,6,12,"29-11-19","16:16:06","11:25:20"),(25,10,9,"29-07-20","05:14:48","04:41:06"),(26,1,2,"14-08-19","16:54:08","23:28:40"),(27,3,11,"28-03-20","07:48:01","00:32:30"),(28,10,14,"13-03-20","12:40:53","23:23:41"),(29,8,15,"11-02-19","17:47:51","04:07:56"),(30,1,7,"21-01-19","00:46:17","22:08:25"),(31,8,3,"03-05-19","04:13:13","18:03:55"),(32,5,10,"23-02-19","02:39:29","11:01:06"),(33,10,15,"01-11-18","12:19:35","01:10:07"),(34,2,12,"26-03-19","10:32:59","10:20:41"),(35,7,1,"07-04-19","17:03:26","01:49:35"),(36,7,7,"09-02-19","10:37:17","05:10:39"),(37,4,10,"26-07-19","18:55:40","18:30:55"),(38,2,9,"19-11-18","13:11:55","01:06:31"),(39,10,10,"17-03-20","07:08:07","16:03:25"),(40,3,13,"15-11-19","22:41:19","08:41:37"),(41,4,4,"07-01-19","15:44:07","14:50:37"),(42,7,4,"08-12-19","20:04:35","04:03:05"),(43,1,4,"05-07-19","16:25:08","01:58:47"),(44,1,9,"08-09-20","20:21:27","22:08:14"),(45,2,14,"03-07-20","03:57:02","04:59:23"),(46,6,10,"25-09-19","00:22:31","11:05:37"),(47,3,5,"01-05-20","13:35:48","17:37:52"),(48,6,13,"20-08-20","09:53:56","22:49:00"),(49,2,7,"24-04-19","22:49:34","15:26:37"),(50,9,3,"04-05-19","21:42:52","19:20:50"),(51,1,9,"19-05-20","17:19:47","18:30:04"),(52,5,5,"18-11-19","17:20:06","21:35:41"),(53,4,2,"06-02-20","12:33:31","01:53:19"),(54,3,4,"28-01-20","13:51:39","00:31:03"),(55,6,8,"16-10-18","12:59:58","16:25:15"),(56,10,10,"17-08-19","12:15:10","12:49:28"),(57,6,11,"30-05-19","13:45:51","20:54:49"),(58,10,14,"12-11-19","14:23:09","15:05:49"),(59,5,8,"10-03-20","02:42:39","04:27:30"),(60,3,9,"07-07-19","17:48:28","10:50:47"),(61,9,1,"21-08-19","06:51:31","01:25:40"),(62,10,3,"26-07-20","21:18:24","18:03:40"),(63,5,4,"29-01-20","11:47:38","07:03:02"),(64,10,6,"11-04-20","20:46:52","05:15:21"),(65,2,15,"09-05-19","22:04:22","23:58:37"),(66,5,5,"27-05-19","11:25:03","22:37:58"),(67,6,6,"30-08-20","22:11:57","14:09:40"),(68,7,1,"28-12-18","11:31:18","21:18:27"),(69,6,11,"11-08-19","05:04:36","06:45:59"),(70,2,9,"25-05-19","17:08:50","16:23:02"),(71,9,4,"15-01-20","18:50:33","02:49:52"),(72,9,11,"19-09-19","07:52:00","19:16:28"),(73,6,1,"25-04-19","08:17:35","09:58:20"),(74,3,3,"13-01-19","21:01:26","11:20:05"),(75,3,12,"21-07-19","07:42:15","15:46:17"),(76,5,2,"22-04-20","22:20:01","05:18:24"),(77,7,1,"08-05-20","22:06:07","02:22:37"),(78,4,8,"04-03-19","13:54:33","01:13:38"),(79,7,13,"23-09-20","00:25:15","16:25:10"),(80,5,13,"11-11-19","03:11:25","19:38:01"),(81,4,11,"18-02-20","21:37:55","21:49:05"),(82,7,3,"17-03-19","22:38:30","15:37:13"),(83,8,14,"24-01-19","14:50:31","09:58:34"),(84,8,14,"18-03-20","00:14:26","11:44:26"),(85,6,4,"04-09-20","08:05:25","07:53:04"),(86,2,13,"23-03-19","17:15:23","16:15:03"),(87,8,2,"16-04-20","10:04:52","10:16:19"),(88,6,3,"11-11-18","08:09:01","02:02:18"),(89,8,7,"04-06-19","03:14:21","06:14:08"),(90,2,15,"19-06-19","04:18:15","17:34:40"),(91,9,7,"31-08-20","12:12:44","01:25:37"),(92,9,9,"01-05-19","14:46:01","08:12:12"),(93,8,6,"06-05-19","07:49:36","16:02:00"),(94,8,12,"30-12-18","01:40:35","02:52:38"),(95,7,12,"26-03-19","18:56:11","17:33:41"),(96,7,4,"17-05-19","10:37:09","06:17:51"),(97,7,3,"20-07-20","17:57:56","15:02:51"),(98,10,11,"03-07-19","15:26:22","03:54:58"),(99,7,6,"05-01-20","05:32:44","04:46:44"),(100,8,15,"06-05-20","15:54:04","09:34:07");

CREATE TABLE IF NOT EXISTS assists(
`assistance` INT UNSIGNED NOT NULL AUTO_INCREMENT PRIMARY KEY,
`class` INT UNSIGNED NOT NULL,
`clientid` INT UNSIGNED NOT NULL,
`start` TIMESTAMP NOT NULL DEFAULT CURRENT_TIMESTAMP,
`finish` TIMESTAMP NOT NULL DEFAULT CURRENT_TIMESTAMP ON UPDATE CURRENT_TIMESTAMP,
`active` INT(1) NOT NULL DEFAULT '1',
FOREIGN KEY (clientid) REFERENCES clients(clientid),
FOREIGN KEY (class) REFERENCES classes(class)
)CHARSET=utf8mb4;

INSERT INTO assists VALUES (1,59,53,"2019-03-29 10:20:50","2019-09-07 10:23:58",0),(2,99,63,"2020-04-11 23:04:49","2019-04-27 19:30:55",0),(3,80,11,"2020-01-23 02:36:32","2018-11-27 21:02:38",0),(4,42,64,"2020-01-13 04:36:45","2019-07-08 08:23:44",0),(5,33,92,"2019-11-02 19:23:32","2020-02-02 11:47:55",1),(6,53,91,"2019-03-18 14:59:45","2020-07-12 16:20:39",1),(7,32,27,"2020-09-21 18:05:26","2019-03-24 03:18:20",0),(8,16,2,"2020-04-15 21:03:10","2020-04-29 18:03:57",1),(9,72,49,"2020-03-13 03:14:22","2019-02-26 02:31:08",1),(10,13,31,"2019-05-04 16:20:45","2018-11-02 08:58:08",1),(11,42,54,"2020-04-28 21:19:04","2020-05-09 21:32:25",0),(12,38,90,"2019-07-30 23:00:46","2019-08-08 04:08:19",1),(13,32,32,"2018-12-07 01:46:51","2020-06-04 00:40:48",1),(14,90,17,"2019-05-10 03:46:42","2019-03-13 08:37:46",1),(15,6,9,"2019-07-27 09:21:32","2020-08-28 17:48:23",0),(16,16,69,"2020-03-31 18:59:24","2019-05-31 22:17:48",1),(17,34,91,"2019-08-26 15:18:01","2019-03-01 20:58:21",1),(18,61,7,"2019-07-29 00:48:15","2020-01-23 01:45:01",0),(19,100,21,"2019-02-25 05:45:37","2019-06-01 00:31:10",0),(20,93,57,"2019-05-07 05:18:09","2019-01-13 02:17:31",1),(21,21,45,"2019-05-22 08:33:13","2020-07-12 02:38:25",1),(22,41,44,"2019-11-27 02:55:23","2020-02-06 04:55:20",1),(23,36,44,"2018-10-24 01:44:26","2019-08-04 21:08:21",0),(24,98,13,"2019-10-11 09:38:13","2020-08-22 10:48:47",1),(25,21,72,"2019-05-26 18:27:33","2019-08-30 17:09:37",0),(26,72,74,"2020-07-31 05:43:42","2019-10-28 22:56:40",0),(27,15,37,"2020-03-02 13:26:36","2020-01-17 07:02:56",0),(28,64,73,"2019-01-18 15:46:44","2019-05-21 05:48:58",1),(29,45,59,"2020-03-14 03:37:03","2020-08-27 09:16:38",0),(30,49,49,"2019-08-21 22:06:44","2019-09-08 02:04:30",0),(31,16,23,"2020-04-21 20:51:55","2020-09-06 21:10:51",0),(32,1,74,"2019-09-13 16:59:39","2019-05-07 07:25:43",0),(33,41,60,"2019-01-21 15:45:00","2019-07-20 01:09:14",0),(34,89,100,"2019-02-06 22:14:03","2019-05-01 22:47:41",1),(35,67,78,"2020-05-24 21:04:07","2019-08-01 22:20:59",1),(36,11,48,"2020-08-11 07:29:31","2020-07-10 19:43:12",1),(37,56,8,"2020-04-28 23:43:08","2019-12-16 19:05:54",0),(38,23,20,"2018-11-15 23:00:40","2019-12-07 11:30:29",1),(39,79,44,"2020-08-24 01:45:18","2019-06-11 07:50:34",0),(40,81,29,"2020-08-03 08:46:23","2019-12-02 19:58:28",1),(41,64,35,"2019-04-28 13:38:06","2020-02-12 23:48:23",1),(42,58,62,"2019-11-03 21:02:54","2020-06-27 03:57:11",1),(43,67,23,"2019-04-12 00:10:35","2019-10-26 23:08:52",0),(44,75,59,"2019-04-02 21:10:13","2018-11-04 22:06:19",0),(45,13,67,"2019-08-12 14:39:21","2019-03-22 02:49:09",0),(46,5,86,"2019-12-24 20:59:43","2019-05-19 04:23:19",1),(47,74,20,"2018-11-08 16:07:45","2019-08-27 06:43:21",1),(48,61,57,"2020-03-21 10:05:38","2020-04-09 14:30:34",1),(49,21,12,"2019-08-07 14:44:15","2019-02-05 11:56:20",1),(50,54,69,"2019-06-30 13:21:50","2020-07-16 16:52:34",1),(51,67,83,"2020-07-28 13:11:22","2019-04-05 20:25:47",1),(52,63,48,"2018-10-23 07:59:14","2019-08-25 01:34:41",0),(53,21,85,"2018-11-25 20:40:07","2019-08-18 03:55:33",1),(54,90,80,"2019-11-26 15:10:07","2019-05-13 22:47:07",1),(55,96,39,"2018-11-14 01:47:00","2020-05-20 11:06:09",1),(56,30,50,"2020-02-06 08:32:54","2019-05-09 01:54:41",1),(57,58,75,"2019-08-15 06:51:13","2019-04-08 20:25:29",1),(58,83,11,"2019-06-15 13:44:52","2020-08-21 15:27:11",1),(59,9,6,"2019-03-07 10:14:44","2020-05-30 13:39:11",1),(60,49,56,"2019-09-08 07:32:33","2020-10-03 23:56:52",1),(61,70,82,"2020-05-08 12:52:53","2019-10-13 23:22:08",0),(62,22,55,"2019-12-23 17:12:29","2018-10-22 15:39:08",0),(63,27,80,"2019-05-27 15:23:28","2019-06-21 13:40:24",1),(64,90,17,"2019-03-04 03:19:34","2019-04-20 07:37:11",0),(65,66,77,"2018-10-12 19:38:37","2020-04-16 03:41:19",0),(66,72,23,"2019-04-18 23:00:41","2020-07-28 16:28:17",0),(67,8,1,"2020-10-03 15:31:23","2019-04-16 15:48:31",0),(68,61,77,"2019-08-23 15:49:57","2020-01-01 19:53:02",1),(69,31,11,"2020-10-01 05:30:33","2019-09-22 18:30:27",0),(70,48,14,"2019-03-31 15:42:33","2020-05-01 14:58:57",1),(71,15,28,"2019-10-31 07:25:41","2018-10-18 01:40:33",1),(72,86,7,"2020-01-19 10:52:39","2019-11-04 22:55:17",0),(73,67,71,"2020-07-22 12:57:03","2019-04-07 16:00:55",0),(74,31,19,"2020-03-12 16:12:24","2020-03-07 10:34:40",1),(75,30,16,"2019-10-11 07:23:08","2019-10-11 10:06:32",1),(76,45,26,"2019-01-11 07:20:03","2020-01-22 11:29:42",0),(77,66,60,"2019-02-26 12:25:50","2019-10-22 11:22:50",1),(78,93,38,"2020-03-11 07:38:44","2020-05-26 08:21:11",1),(79,63,31,"2018-11-06 16:02:19","2020-02-22 22:39:32",1),(80,94,48,"2020-09-03 04:40:17","2020-02-26 14:48:52",1),(81,26,42,"2019-12-15 14:51:54","2020-06-24 13:14:52",1),(82,11,88,"2020-09-24 22:05:15","2020-03-29 07:24:50",1),(83,43,25,"2019-07-24 20:36:36","2019-09-28 16:03:36",1),(84,39,68,"2020-09-02 23:55:20","2020-05-22 17:14:22",0),(85,8,21,"2019-06-03 13:16:24","2019-10-27 07:37:48",1),(86,49,30,"2020-04-16 01:37:30","2020-08-28 17:14:22",0),(87,19,73,"2020-03-28 20:36:42","2020-05-26 22:51:19",1),(88,11,82,"2020-01-24 02:49:03","2020-09-30 11:11:48",1),(89,97,62,"2019-04-03 10:23:55","2019-02-16 20:57:53",0),(90,46,2,"2019-06-01 07:39:26","2020-07-18 05:29:05",0),(91,73,51,"2019-12-22 15:41:11","2019-06-21 12:09:18",1),(92,22,38,"2020-01-21 03:09:41","2019-11-12 11:11:13",0),(93,66,49,"2020-02-09 20:33:38","2019-11-04 03:35:03",0),(94,64,33,"2019-08-19 17:37:35","2019-05-31 11:25:12",1),(95,66,56,"2020-10-04 04:17:38","2020-03-26 03:10:31",1),(96,46,94,"2019-09-10 22:02:15","2018-11-09 22:12:10",1),(97,26,5,"2020-02-29 02:32:25","2020-01-19 04:57:59",0),(98,87,70,"2019-07-08 11:19:37","2019-09-17 09:06:26",0),(99,29,58,"2020-01-26 13:38:58","2018-12-17 05:34:26",1),(100,4,13,"2018-11-09 09:33:51","2020-08-27 06:00:51",1),
(101,68,69,"2018-11-22 20:40:30","2019-06-19 06:09:50",0),(102,37,13,"2020-03-02 00:35:31","2018-11-26 09:06:40",0),(103,23,26,"2019-10-24 14:40:40","2020-10-06 23:49:52",1),(104,5,69,"2019-05-01 03:45:16","2018-10-08 03:09:56",0),(105,11,97,"2020-02-22 05:09:35","2019-07-05 09:12:37",0),(106,90,34,"2018-12-25 14:31:55","2019-07-05 06:46:05",0),(107,89,63,"2019-04-29 10:47:48","2019-01-24 06:24:20",0),(108,5,61,"2020-07-29 20:34:04","2019-06-16 07:02:00",1),(109,100,28,"2018-10-24 04:43:24","2019-04-10 20:22:00",0),(110,2,46,"2019-11-08 20:26:26","2019-03-09 20:16:43",1),(111,60,84,"2019-03-25 05:38:37","2019-01-27 02:57:02",0),(112,88,67,"2020-07-31 20:37:58","2020-07-17 20:59:43",1),(113,100,34,"2020-08-17 13:28:50","2019-10-24 11:57:14",1),(114,65,78,"2019-04-24 01:26:59","2020-03-07 10:27:39",1),(115,43,46,"2018-10-28 01:40:06","2020-04-19 18:14:51",1),(116,77,6,"2019-04-05 20:23:07","2018-10-30 22:12:32",1),(117,93,67,"2020-06-27 22:44:53","2019-03-13 20:28:45",0),(118,44,19,"2020-06-15 03:46:34","2020-09-25 05:27:12",1),(119,84,43,"2019-03-26 11:57:36","2018-12-03 10:32:45",0),(120,3,9,"2020-02-10 00:21:43","2019-10-31 14:35:10",1),(121,32,42,"2019-02-02 12:24:48","2019-01-08 20:29:37",0),(122,77,94,"2020-04-05 07:40:41","2018-11-16 10:30:42",0),(123,98,47,"2020-04-28 15:50:03","2020-10-07 18:02:41",0),(124,55,48,"2020-06-07 15:00:39","2019-04-27 17:34:01",0),(125,58,84,"2020-09-04 00:31:32","2020-09-21 20:36:43",1),(126,39,54,"2020-09-26 04:01:01","2020-07-05 23:00:20",0),(127,87,37,"2019-01-15 12:57:23","2019-08-10 08:00:31",1),(128,98,77,"2018-10-26 06:35:23","2020-02-28 20:08:36",1),(129,56,55,"2020-07-10 10:04:58","2020-02-08 05:22:42",1),(130,80,26,"2019-04-07 17:44:15","2020-03-17 05:04:28",1),(131,68,2,"2020-04-27 07:02:47","2019-05-01 15:05:51",0),(132,68,7,"2019-02-13 08:16:19","2019-09-28 18:24:46",1),(133,20,6,"2019-06-13 20:03:20","2019-07-12 13:29:50",0),(134,8,20,"2020-02-26 07:23:55","2019-03-01 18:02:10",1),(135,40,47,"2019-10-04 02:37:33","2020-03-08 06:14:17",0),(136,9,12,"2020-05-28 19:06:51","2019-12-26 05:14:18",1),(137,96,65,"2019-11-02 05:15:30","2019-02-15 13:38:23",0),(138,17,78,"2019-03-31 09:16:02","2020-03-27 08:45:15",0),(139,57,18,"2020-04-02 13:49:51","2020-05-30 10:47:40",0),(140,10,93,"2020-09-07 13:47:18","2019-04-18 02:01:26",1),(141,74,82,"2019-03-12 20:26:12","2020-05-13 06:28:49",1),(142,43,14,"2020-05-15 17:27:09","2019-04-15 12:36:32",1),(143,86,71,"2019-04-11 08:08:15","2018-11-18 15:18:30",0),(144,70,39,"2019-05-24 07:45:38","2019-10-29 05:51:13",1),(145,53,61,"2019-12-05 07:14:44","2020-05-25 16:17:11",0),(146,95,11,"2018-12-14 16:50:08","2019-02-05 06:49:30",1),(147,8,51,"2019-03-13 18:30:17","2019-09-16 23:28:10",0),(148,68,49,"2018-12-28 14:48:31","2019-07-22 19:58:30",0),(149,20,93,"2020-08-11 11:01:23","2019-10-28 00:07:00",0),(150,74,65,"2019-12-23 20:45:14","2020-07-12 10:52:07",0),(151,19,32,"2018-11-02 18:02:37","2019-03-30 21:44:51",1),(152,84,77,"2019-09-06 02:08:36","2020-01-11 19:24:29",0),(153,95,14,"2020-04-02 08:13:22","2019-12-27 15:33:51",1),(154,18,81,"2020-01-25 03:28:18","2019-02-24 11:09:30",0),(155,72,11,"2019-12-23 22:21:46","2019-11-29 06:39:51",0),(156,18,64,"2019-12-12 23:26:44","2018-10-17 22:53:54",1),(157,16,27,"2019-02-11 11:12:47","2019-06-10 05:14:15",0),(158,23,67,"2019-09-06 13:30:05","2019-11-10 20:23:14",0),(159,95,44,"2019-05-02 14:15:56","2020-02-09 19:52:04",0),(160,9,64,"2019-05-08 08:23:57","2020-06-14 14:11:00",1),(161,49,30,"2019-09-24 03:52:51","2019-08-25 17:51:05",0),(162,35,19,"2018-12-15 11:22:23","2020-08-06 18:23:29",0),(163,33,1,"2018-10-30 16:00:14","2018-12-12 22:11:12",0),(164,2,55,"2020-03-04 18:27:47","2020-01-16 16:38:31",1),(165,33,50,"2020-05-20 22:12:18","2019-02-10 13:35:56",0),(166,9,5,"2019-10-21 20:19:38","2019-12-14 02:25:49",1),(167,94,3,"2019-08-07 09:19:40","2018-11-22 23:20:43",0),(168,65,57,"2019-01-29 09:01:25","2019-04-28 23:33:29",0),(169,24,44,"2019-02-23 18:10:00","2019-12-29 08:23:24",1),(170,46,41,"2019-01-24 03:17:49","2019-08-07 14:22:18",0),(171,20,13,"2020-07-09 17:05:45","2019-01-28 00:32:15",1),(172,64,99,"2020-05-07 06:22:35","2019-05-12 21:38:36",1),(173,70,66,"2020-07-28 17:18:28","2019-03-29 10:09:14",0),(174,35,40,"2020-05-08 14:07:57","2020-06-21 14:19:49",1),(175,99,77,"2019-04-04 18:49:17","2019-04-01 06:12:50",0),(176,55,46,"2019-03-11 20:01:15","2018-11-01 18:15:46",1),(177,84,44,"2018-12-06 07:54:14","2019-04-29 04:14:18",0),(178,85,58,"2019-07-25 04:10:48","2018-10-24 21:56:59",1),(179,34,5,"2019-11-26 18:54:23","2020-09-16 08:47:56",1),(180,91,5,"2019-06-03 18:18:59","2020-04-30 17:25:30",1),(181,57,52,"2018-11-30 12:10:13","2019-11-21 08:09:56",0),(182,3,78,"2019-08-31 12:03:29","2020-06-12 21:46:07",0),(183,9,15,"2019-02-14 23:56:51","2018-11-08 16:05:48",1),(184,59,53,"2020-08-31 15:58:08","2019-02-04 22:17:06",1),(185,63,66,"2020-01-15 09:10:38","2020-03-29 17:19:38",0),(186,65,80,"2020-05-26 05:50:32","2018-10-22 18:23:56",1),(187,47,61,"2018-10-30 16:14:08","2020-03-07 13:47:27",0),(188,94,79,"2019-12-13 07:48:11","2020-01-10 23:20:05",0),(189,45,77,"2020-08-15 13:33:29","2019-12-18 19:06:00",0),(190,36,49,"2020-09-26 04:39:26","2019-05-13 19:52:59",0),(191,49,87,"2020-08-30 10:43:55","2019-12-15 17:38:42",0),(192,31,80,"2020-06-20 15:48:22","2019-03-28 22:38:46",0),(193,45,8,"2020-08-01 06:59:38","2020-04-25 17:11:23",1),(194,88,92,"2019-05-24 17:37:55","2020-09-10 07:33:42",0),(195,16,87,"2019-07-12 16:51:04","2020-06-09 23:20:54",0),(196,77,63,"2020-08-31 12:31:15","2018-11-20 22:25:30",1),(197,11,87,"2019-06-20 06:00:20","2020-09-30 15:06:18",1),(198,95,99,"2020-01-30 07:26:12","2018-11-15 03:06:33",1),(199,61,16,"2020-05-14 17:45:28","2018-11-12 15:45:28",1),(200,89,11,"2019-07-01 04:44:16","2019-02-05 04:13:14",1);
    
select class Clase, customers.customer `lista`,`name` nombre from assists  #lista de asistencias
	INNER join clients on assists.clientid = clients.clientid
	INNER JOIN customers on clients.customer = customers.customer
    ORDER BY class;
    
SELECT coachs.coach `N.M`, `name` Profesor,classes.class, `date` Dia, `start` inicio, `finish` final, room Salon from coachs
inner join classes on classes.coach = coachs.coach;
#Ajenda de clases de todos los coachs

SElECT customers.customer, customers.created_at `Datos del cliente`, clients.created_at `Se suscribio` FROM customers
INNER JOIN clients ON customers.customer = clients.customer;
#Query que nos dice cuando obtuvimos los datos del cliente y cuando se suscribio a el gimm


SELECT clients.type_payment AS `Tipo de pago`,COUNT(clients.type_payment) as Max  from types_payments as `pago`
INNER JOIN clients  ON clients.type_payment = pago.type_payment
GROUP BY clients.type_payment
ORDER BY Max DESC; #El numero maximo y el tipo de venta

SELECT clients.type_payment AS `Tipo de pago`,COUNT(clients.type_payment) as Max  from types_payments as `pago`
INNER JOIN clients  ON clients.type_payment = pago.type_payment
GROUP BY clients.type_payment
ORDER BY `Tipo de pago`; #Numero de clientes por numero de ventas

SELECT coachs.coach `N.M`, `name` Profesor,COUNT(coachs.coach) AS Grupos from coachs
inner join classes on classes.coach = coachs.coach
GROUP BY coachs.coach
ORDER BY coachs.coach;
#Grupos de cada profesor
SELECT coachs.coach `N.M`, `name` Profesor,COUNT(coachs.coach) AS Grupos from coachs
inner join classes on classes.coach = coachs.coach
GROUP BY coachs.coach
ORDER BY Grupos DESC;
#Profesor con mas grupo
